,track_artist,country_name,isrc,region,saves,saves_perc,skips,skips_perc,streams,track_title,users,days_on_playlist,playlist_uri
360,Alessia Cara,Belgium,USWD11677601,Belgium,329954,0.05126797154075517,3512834,0.5458211554925753,6435870,How Far I'll Go - Alessia Cara Version,497496,50,Belgium
361,Elton John,Belgium,GBAMB7100001,Belgium,113693,0.03267196078893418,1314009,0.3776068053820958,3479834,Tiny Dancer,182491,50,Belgium
362,"Ariana Grande, John Legend",Belgium,USWD11778859,Belgium,156630,0.06190683975128177,1971054,0.7790443983855132,2530092,Beauty and the Beast,280554,50,Belgium
363,Idina Menzel,Belgium,USWD11366376,Belgium,124608,0.050230578219226676,1461262,0.5890475345867329,2480720,"Let It Go - From ""Frozen""/Soundtrack Version",183326,50,Belgium
364,Demi Lovato,Belgium,USWD11366344,Belgium,154224,0.09007190614355999,1330776,0.7772171060930996,1712232,"Let It Go - From ""Frozen / Single Version",430056,50,Belgium
365,Idina Menzel,Belgium,USWD11366376,Belgium,84960,0.050230578219226676,996315,0.5890475345867329,1691400,"Let It Go - From ""Frozen""",124995,50,Belgium
366,"Lea Salonga, Brad Kane",Belgium,USWD10423000,Belgium,82400,0.049828412475244534,1020850,0.6173220251863274,1653675,"A Whole New World - From ""Aladdin""",214225,50,Belgium
367,Lifehouse,Belgium,USDW10500001,Belgium,30820,0.02391965727058239,482060,0.3741307587234571,1288480,You And Me,89180,50,Belgium
368,"Lea Salonga, Brad Kane",Belgium,USWD10423000,Belgium,56032,0.049828412475244534,694178,0.6173220251863274,1124499,"A Whole New World - From ""Aladdin"" / Soundtrack Version",145673,50,Belgium
369,"Demi Lovato, Joe Jonas",Belgium,USWD10833742,Belgium,67284,0.0642509074137205,835779,0.7981029538572603,1047207,This Is Me,226821,50,Belgium
370,Auli'i Cravalho,Belgium,USWD11677855,Belgium,47320,0.045339567683581175,519110,0.4973842557105626,1043680,How Far I'll Go,58880,50,Belgium
371,Samuel E. Wright,Belgium,USWD10220463,Belgium,50994,0.04917207623147152,665190,0.6414239594542993,1037052,"Under the Sea - From ""The Little Mermaid""",198360,50,Belgium
372,Dwayne Johnson,Belgium,USWD11677860,Belgium,36880,0.04034392981381408,460330,0.5035661933620671,914140,You're Welcome,55910,50,Belgium
373,Céline Dion,Belgium,USWD11778858,Belgium,74980,0.08257345491388045,535946,0.5902228976697061,908040,How Does A Moment Last Forever,176640,50,Belgium
374,"Jason Weaver, Rowan Atkinson, Laura Williams",Belgium,USWD10321345,Belgium,46392,0.052461596916897356,499152,0.5644574716387125,884304,"I Just Can't Wait to Be King - From ""The Lion King""/Soundtrack Version",90804,50,Belgium
375,"Lea Salonga, Brad Kane",Belgium,USWD10423000,Belgium,42848,0.049828412475244534,530842,0.6173220251863274,859911,A Whole New World,111397,50,Belgium
376,Josh Groban,Belgium,USWD11778936,Belgium,61870,0.07328901482127288,516442,0.6117589363557105,844192,Evermore,167348,50,Belgium
377,"Mandy Moore, Zachary Levi",Belgium,USWD11054842,Belgium,33820,0.040215082915367587,526851,0.62647417649451,840978,"I See the Light - From ""Tangled""",88065,50,Belgium
378,"Demi Lovato, Joe Jonas",Belgium,USWD10833742,Belgium,51264,0.0642509074137205,636784,0.7981029538572603,797872,"This Is Me - From ""Camp Rock""",172816,50,Belgium
379,Nick Jonas,Belgium,USWD11038146,Belgium,38703,0.04888464496962945,520107,0.6569321768653351,791721,Introducing Me,149394,50,Belgium
520,"Ariana Grande, John Legend",Brazil,USWD11778859,Brazil,2618734,0.04393832626999275,46155664,0.7744210080291312,59600222,Beauty and the Beast,529092,50,Brazil
521,Alessia Cara,Brazil,USWD11677601,Brazil,2014836,0.049173030231647985,29202886,0.7127103129631244,40974412,How Far I'll Go - Alessia Cara Version,567378,50,Brazil
522,Lifehouse,Brazil,USDW10500001,Brazil,1023500,0.03525296369444171,16158320,0.5565497492165816,29033020,You And Me,183440,50,Brazil
523,Elton John,Brazil,GBAMB7100001,Brazil,689784,0.030938868884957574,12505041,0.5608883707073791,22295062,Tiny Dancer,302539,50,Brazil
524,"Demi Lovato, Joe Jonas",Brazil,USWD10833742,Brazil,790398,0.051827127242083,10645803,0.6980551401637516,15250662,This Is Me,260589,50,Brazil
525,"Demi Lovato, Joe Jonas",Brazil,USWD10833742,Brazil,602208,0.051827127242083,8111088,0.6980551401637516,11619552,"This Is Me - From ""Camp Rock""",198544,50,Brazil
526,Idina Menzel,Brazil,USWD11366376,Brazil,486662,0.04601256344121807,7778804,0.7354646809218737,10576720,"Let It Go - From ""Frozen""/Soundtrack Version",249634,50,Brazil
527,Demi Lovato,Brazil,USWD11366344,Brazil,769068,0.07597543236966672,9841392,0.9722209379656664,10122588,"Let It Go - From ""Frozen / Single Version",353484,50,Brazil
528,"High School Musical Cast, Vanessa Hudgens, Zac Efron",Brazil,USWD10834891,Brazil,577218,0.06199696168509619,7598099,0.816085175068289,9310424,Can I Have This Dance - 『ハイスクール・ミュージカル: ザ・ムービー』より,98804,50,Brazil
529,"Lea Salonga, Brad Kane",Brazil,USWD10423000,Brazil,380975,0.04114112006220168,7097675,0.7664710265437031,9260200,"A Whole New World - From ""Aladdin""",242000,50,Brazil
530,Nick Jonas,Brazil,USWD11038146,Brazil,418404,0.05045621801219114,6133701,0.7396758990774343,8292417,Introducing Me,160461,50,Brazil
531,Miguel,Brazil,USWD11783640,Brazil,509314,0.061754627104698194,6844188,0.8298618882937641,8247382,Remember Me (Dúo),208520,50,Brazil
532,Idina Menzel,Brazil,USWD11366376,Brazil,331815,0.04601256344121807,5303730,0.7354646809218737,7211400,"Let It Go - From ""Frozen""",170205,50,Brazil
533,"Lea Salonga, Brad Kane",Brazil,USWD10423000,Brazil,259063,0.04114112006220168,4826419,0.7664710265437031,6296936,"A Whole New World - From ""Aladdin"" / Soundtrack Version",164560,50,Brazil
534,"Demi Lovato, Joe Jonas",Brazil,USWD11038143,Brazil,298870,0.05344196128260707,4125682,0.7377272316001904,5592422,Wouldn't Change a Thing,102872,50,Brazil
535,Céline Dion,Brazil,USWD11778858,Brazil,485622,0.08823308176416017,4182320,0.7598893429949268,5503854,How Does A Moment Last Forever,302726,50,Brazil
536,Samuel E. Wright,Brazil,USWD10220463,Brazil,249696,0.051772205282466795,4421646,0.9167882721325058,4822974,"Under the Sea - From ""The Little Mermaid""",204570,50,Brazil
537,"Lea Salonga, Brad Kane",Brazil,USWD10423000,Brazil,198107,0.04114112006220168,3690791,0.7664710265437031,4815304,A Whole New World,125840,50,Brazil
538,Josh Groban,Brazil,USWD11778936,Brazil,398360,0.08712799565366118,3492918,0.7639595951465883,4572124,Evermore,291502,50,Brazil
539,"High School Musical Cast, Vanessa Hudgens, Zac Efron",Brazil,USWD10834891,Brazil,271632,0.06199696168509619,3575576,0.816085175068289,4381376,Can I Have This Dance,46496,50,Brazil
800,Alessia Cara,Colombia,USWD11677601,Colombia,159106,0.0522819504276706,1850334,0.6080164824873572,3043230,How Far I'll Go - Alessia Cara Version,327066,50,Colombia
801,"Ariana Grande, John Legend",Colombia,USWD11778859,Colombia,123418,0.04852332121606713,1923260,0.7561535818277177,2543478,Beauty and the Beast,303922,50,Colombia
802,Elton John,Colombia,GBAMB7100001,Colombia,54858,0.04871654833424358,616968,0.5478973238667395,1126065,Tiny Dancer,157194,50,Colombia
803,Lifehouse,Colombia,USDW10500001,Colombia,43400,0.04046091885441527,472400,0.4404087112171838,1072640,You And Me,91740,50,Colombia
804,Nick Jonas,Colombia,USWD11038146,Colombia,63819,0.06535202786976904,555030,0.5683626510687713,976542,Introducing Me,105714,50,Colombia
805,Miguel,Colombia,USWD11783640,Colombia,90974,0.11058087352253335,586612,0.7130396308703622,822692,Remember Me (Dúo),120302,50,Colombia
806,Idina Menzel,Colombia,USWD11366376,Colombia,36102,0.045332743998452996,499444,0.6271443962540402,796378,"Let It Go - From ""Frozen""/Soundtrack Version",143836,50,Colombia
807,"Demi Lovato, Joe Jonas",Colombia,USWD10833742,Colombia,61530,0.08034220845101318,532392,0.6951657572184595,765849,This Is Me,138873,50,Colombia
808,"Demi Lovato, Joe Jonas",Colombia,USWD10833742,Colombia,46880,0.08034220845101318,405632,0.6951657572184595,583504,"This Is Me - From ""Camp Rock""",105808,50,Colombia
809,Idina Menzel,Colombia,USWD11366376,Colombia,24615,0.045332743998452996,340530,0.6271443962540402,542985,"Let It Go - From ""Frozen""",98070,50,Colombia
810,"Lea Salonga, Brad Kane",Colombia,USWD10423000,Colombia,26250,0.04845632008860584,351825,0.6494531358161428,541725,"A Whole New World - From ""Aladdin""",118450,50,Colombia
811,"High School Musical Cast, Vanessa Hudgens, Zac Efron",Colombia,USWD10834891,Colombia,43469,0.09290411655706136,389096,0.8315953929440831,467891,Can I Have This Dance - 『ハイスクール・ミュージカル: ザ・ムービー』より,60095,50,Colombia
812,"Luis Ángel Gómez Jaramillo, Gael Garcia Bernal",Colombia,USWD11783809,Colombia,33715,0.07409971538148771,221315,0.4864119385927318,454995,Un Poco Loco,26045,50,Colombia
813,Samuel E. Wright,Colombia,USWD10220463,Colombia,25002,0.055553333599968,296802,0.6594808622965244,450054,"Under the Sea - From ""The Little Mermaid""",129276,50,Colombia
814,Demi Lovato,Colombia,USWD11366344,Colombia,42768,0.10240496508921644,371196,0.8888026894233255,417636,"Let It Go - From ""Frozen / Single Version",186984,50,Colombia
815,"Angelica Vale, Marco Antonio Solís",Colombia,USWD11783812,Colombia,30545,0.07836069779374039,225445,0.5783606977937403,389800,La Llorona,25045,50,Colombia
816,Nick Jonas,Colombia,USWD11038146,Colombia,24312,0.06535202786976904,211440,0.5683626510687713,372016,"Introducing Me - From ""Camp Rock 2: The Final Jam""",40272,50,Colombia
817,"Lea Salonga, Brad Kane",Colombia,USWD10423000,Colombia,17850,0.04845632008860584,239241,0.6494531358161428,368373,"A Whole New World - From ""Aladdin"" / Soundtrack Version",80546,50,Colombia
818,Mexican Institute Of Sound,Colombia,MX3741700770,Colombia,61802,0.18632907423375403,354120,1.0676491338088892,331682,Jálale - Instrumental,83590,50,Colombia
819,Shakira,Colombia,USWD11575402,Colombia,14840,0.045367834083349635,208536,0.6375220113480727,327104,Try Everything,38448,50,Colombia
1000,Alessia Cara,Denmark,USWD11677601,Denmark,336680,0.02027849746862097,8357340,0.5033690686539289,16602808,How Far I'll Go - Alessia Cara Version,551836,50,Denmark
1001,Elton John,Denmark,GBAMB7100001,Denmark,167485,0.024282088319037515,2757906,0.39984307291759547,6897471,Tiny Dancer,210330,50,Denmark
1002,"Ariana Grande, John Legend",Denmark,USWD11778859,Denmark,121992,0.027832584694177407,2758574,0.6293711431090214,4383064,Beauty and the Beast,277978,50,Denmark
1003,Rascal Flatts,Denmark,USWD10628832,Denmark,109200,0.026876030617016565,2336710,0.5751052152297507,4063100,Life is a Highway,108750,50,Denmark
1004,Idina Menzel,Denmark,USWD11366376,Denmark,70796,0.02119126798590761,1725086,0.5163675875012347,3340810,"Let It Go - From ""Frozen""/Soundtrack Version",211178,50,Denmark
1005,Demi Lovato,Denmark,USWD11366344,Denmark,97560,0.03144106830020999,2034108,0.6555404731242677,3102948,"Let It Go - From ""Frozen / Single Version",336492,50,Denmark
1006,"Demi Lovato, Joe Jonas",Denmark,USWD10833742,Denmark,94101,0.03785267781719885,1451436,0.5838486230782227,2485980,This Is Me,227745,50,Denmark
1007,"Lea Salonga, Brad Kane",Denmark,USWD10423000,Denmark,51150,0.02160187511877864,1361600,0.5750364254492472,2367850,"A Whole New World - From ""Aladdin""",219100,50,Denmark
1008,Dwayne Johnson,Denmark,USWD11677860,Denmark,44390,0.01908615211306363,862960,0.3710427084363458,2325770,You're Welcome,66320,50,Denmark
1009,Idina Menzel,Denmark,USWD11366376,Denmark,48270,0.02119126798590761,1176195,0.5163675875012347,2277825,"Let It Go - From ""Frozen""",143985,50,Denmark
1010,"Demi Lovato, Joe Jonas",Denmark,USWD10833742,Denmark,71696,0.03785267781719885,1105856,0.5838486230782227,1894080,"This Is Me - From ""Camp Rock""",173520,50,Denmark
1011,Céline Dion,Denmark,USWD11778858,Denmark,65550,0.03508124076809453,844468,0.451944854751354,1868520,How Does A Moment Last Forever,195960,50,Denmark
1012,"Olivia Foa'i, Opetaia Foa'i, Talaga Steve Sale",Denmark,NZSO01100005,Denmark,45658,0.024471502796176575,736078,0.39451870067028916,1865762,Logo Te Pate,283827,50,Denmark
1013,Auli'i Cravalho,Denmark,USWD11677855,Denmark,37890,0.02048606417777297,748830,0.404871455218837,1849550,How Far I'll Go,65850,50,Denmark
1014,Nick Jonas,Denmark,USWD11038146,Denmark,42042,0.022838238649326947,982506,0.5337211955281771,1840860,Introducing Me,152901,50,Denmark
1015,Lifehouse,Denmark,USDW10500001,Denmark,29960,0.016434809321104138,758900,0.41630096107429676,1822960,You And Me,97940,50,Denmark
1016,Elton John,Denmark,USWD10220758,Denmark,50677,0.02960644696930749,809105,0.47269420595342143,1711688,Can You Feel the Love Tonight - エンド・タイトル / 『ライオン・キング』より,134541,50,Denmark
1017,"Troy, Gabriella",Denmark,USWD10527742,Denmark,73020,0.043703405777324504,1083900,0.6487280405648046,1670808,Breaking Free - 『ハイスクール・ミュージカル』より,147192,50,Denmark
1018,Olivia Foa'i,Denmark,USWD11677853,Denmark,49802,0.03085316095906111,1095718,0.6788153853206803,1614162,Tulou Tagaloa,289747,50,Denmark
1019,"Lea Salonga, Brad Kane",Denmark,USWD10423000,Denmark,34782,0.02160187511877864,925888,0.5750364254492472,1610138,"A Whole New World - From ""Aladdin"" / Soundtrack Version",148988,50,Denmark
1240,Alessia Cara,Finland,USWD11677601,Finland,229406,0.035434850236838865,4391584,0.6783393692514483,6474022,How Far I'll Go - Alessia Cara Version,424194,50,Finland
1241,Idina Menzel,Finland,USWD11366376,Finland,99066,0.034553141857413615,1579644,0.5509626230615173,2867062,"Let It Go - From ""Frozen""/Soundtrack Version",166694,50,Finland
1242,Elton John,Finland,GBAMB7100001,Finland,81016,0.03682513651018469,1074118,0.48823123800294455,2200019,Tiny Dancer,155308,50,Finland
1243,"Ariana Grande, John Legend",Finland,USWD11778859,Finland,87676,0.04207412639897574,1588518,0.7623010529568883,2083846,Beauty and the Beast,189704,50,Finland
1244,Idina Menzel,Finland,USWD11366376,Finland,67545,0.034553141857413615,1077030,0.5509626230615173,1954815,"Let It Go - From ""Frozen""",113655,50,Finland
1245,Demi Lovato,Finland,USWD11366344,Finland,57276,0.04827795478683053,943380,0.7951752389622212,1186380,"Let It Go - From ""Frozen / Single Version",238104,50,Finland
1246,"Lea Salonga, Brad Kane",Finland,USWD10423000,Finland,37975,0.03407816215731144,744575,0.668169785076502,1114350,"A Whole New World - From ""Aladdin""",166500,50,Finland
1247,Josh Groban,Finland,USWD11778936,Finland,35512,0.04109005748350011,489716,0.5666382797530338,864248,Evermore,138828,50,Finland
1248,Elton John,Finland,USWD10220758,Finland,39633,0.04981886562871602,514250,0.6464146456126766,795542,Can You Feel the Love Tonight - エンド・タイトル / 『ライオン・キング』より,95139,50,Finland
1249,"Lea Salonga, Brad Kane",Finland,USWD10423000,Finland,25823,0.03407816215731144,506311,0.668169785076502,757758,"A Whole New World - From ""Aladdin"" / Soundtrack Version",113220,50,Finland
1250,Céline Dion,Finland,USWD11778858,Finland,43240,0.057201971642426824,407100,0.5385504776973163,755918,How Does A Moment Last Forever,134274,50,Finland
1251,Auli'i Cravalho,Finland,USWD11677855,Finland,23790,0.032038246582721704,388320,0.5229546831863174,742550,How Far I'll Go,49840,50,Finland
1252,Dwayne Johnson,Finland,USWD11677860,Finland,22440,0.0309979003204774,360380,0.4978174383909824,723920,You're Welcome,50570,50,Finland
1253,Elton John,Finland,USWD10220758,Finland,36030,0.04981886562871602,467500,0.6464146456126766,723220,"Can You Feel the Love Tonight - End Title/ From ""The Lion King""/Soundtrack Version",86490,50,Finland
1254,Lifehouse,Finland,USDW10500001,Finland,17820,0.026259173027614865,370940,0.5466092953346497,678620,You And Me,72400,50,Finland
1255,Samuel E. Wright,Finland,USWD10220463,Finland,26910,0.040226019103995696,474192,0.7088389613884031,668970,"Under the Sea - From ""The Little Mermaid""",152748,50,Finland
1256,"Mandy Moore, Zachary Levi",Finland,USWD11054842,Finland,22420,0.03449485500467727,466355,0.7175222170252572,649952,"I See the Light - From ""Tangled""",67507,50,Finland
1257,Rascal Flatts,Finland,USWD10628832,Finland,21980,0.03704577630957999,378150,0.6373457830513045,593320,Life is a Highway,74030,50,Finland
1258,"Lea Salonga, Brad Kane",Finland,USWD10423000,Finland,19747,0.03407816215731144,387179,0.668169785076502,579462,A Whole New World,86580,50,Finland
1259,"Mandy Moore, Zachary Levi",Finland,USWD11054842,Finland,18880,0.03449485500467727,392720,0.7175222170252572,547328,"I See the Light - From ""Tangled"" / Soundtrack Version",56848,50,Finland
1260,Alessia Cara,France,USWD11677601,France,461130,0.03848800956570555,7874474,0.6572394566324022,11981134,How Far I'll Go - Alessia Cara Version,704786,50,France
1261,Elton John,France,GBAMB7100001,France,195529,0.02413669192187587,4014761,0.49559425659090106,8100903,Tiny Dancer,255184,50,France
1262,"Ariana Grande, John Legend",France,USWD11778859,France,293250,0.037059213356431156,6476156,0.8184185743683947,7913012,Beauty and the Beast,495190,50,France
1263,"Olivia Foa'i, Opetaia Foa'i, Talaga Steve Sale",France,NZSO01100005,France,189181,0.047691891538956616,1657119,0.4177541064649423,3966733,Logo Te Pate,399304,50,France
1264,"Demi Lovato, Joe Jonas",France,USWD10833742,France,139293,0.0399578313253012,2240049,0.6425843373493976,3486000,This Is Me,346353,50,France
1265,"Vai Mahina, Sulata Foai-Amiatu, Matthew Ineleo",France,NZSO01600013,France,196100,0.05844213126323218,1833942,0.5465552223006351,3355456,An Innocent Warrior,386354,50,France
1266,Olivia Foa'i,France,USWD11677853,France,194472,0.05885053352890461,2177154,0.6588438154314699,3304507,Tulou Tagaloa,416657,50,France
1267,Demi Lovato,France,USWD11366344,France,230580,0.07197033541210181,2539584,0.7926737457160514,3203820,"Let It Go - From ""Frozen / Single Version",466452,50,France
1268,Céline Dion,France,USWD11778858,France,144164,0.048438200336934516,2192084,0.7365264833619264,2976246,How Does A Moment Last Forever,302404,50,France
1269,Lifehouse,France,USDW10500001,France,81400,0.030031581122162865,1357700,0.5009075883238393,2710480,You And Me,126360,50,France
1270,"Demi Lovato, Joe Jonas",France,USWD10833742,France,106128,0.0399578313253012,1706704,0.6425843373493976,2656000,"This Is Me - From ""Camp Rock""",263888,50,France
1271,Idina Menzel,France,USWD11366376,France,64702,0.024411906303434767,1963544,0.740840347294852,2650428,"Let It Go - From ""Frozen""/Soundtrack Version",291258,50,France
1272,Jordan Fisher,France,USWD11677600,France,168168,0.07566780999896061,1028148,0.4626189733766909,2222451,You're Welcome - Jordan Fisher/Lin-Manuel Miranda Version,304458,50,France
1273,"Lea Salonga, Brad Kane",France,USWD10423000,France,133000,0.062406156156156155,1683575,0.789965746996997,2131200,"A Whole New World - From ""Aladdin""",364125,50,France
1274,"Emmanuel Curtil, Jean-Philippe Puymartin, Michel Elias, Maïdi Roth, Mimi Felinie",France,USWD10524308,France,89308,0.04622088810682124,1030484,0.5333216023186006,1932200,L'amour brille sous les étoiles,70092,50,France
1275,Nick Jonas,France,USWD11038146,France,67893,0.035835420869449554,1249794,0.6596688022345873,1894578,Introducing Me,245931,50,France
1276,Miguel,France,USWD11783640,France,113360,0.06223414884809729,1316848,0.7229438465271633,1821508,Remember Me (Dúo),202228,50,France
1277,Josh Groban,France,USWD11778936,France,101936,0.055994946304485156,1235468,0.678660770688566,1820450,Evermore,271446,50,France
1278,Idina Menzel,France,USWD11366376,France,44115,0.024411906303434767,1338780,0.740840347294852,1807110,"Let It Go - From ""Frozen""",198585,50,France
1279,Cerise Calixte,France,USWD11677976,France,59920,0.03644015227994211,724732,0.4407433985672063,1644340,"Le bleu lumière - De ""Vaiana - La Légende du Bout du Monde""",33864,50,France
1700,"Ariana Grande, John Legend",Indonesia,USWD11778859,Indonesia,1315922,0.031198571760423063,13552106,0.321300465791939,42178918,Beauty and the Beast,532036,50,Indonesia
1701,Alessia Cara,Indonesia,USWD11677601,Indonesia,735832,0.04366079682532525,6336310,0.37596672002886067,16853380,How Far I'll Go - Alessia Cara Version,488148,50,Indonesia
1702,Lifehouse,Indonesia,USDW10500001,Indonesia,397740,0.02624639700991416,4305140,0.28409114905028876,15154080,You And Me,152420,50,Indonesia
1703,"Lea Salonga, Brad Kane",Indonesia,USWD10423000,Indonesia,318000,0.04305297004569301,2593825,0.35116940260619395,7386250,"A Whole New World - From ""Aladdin""",279300,50,Indonesia
1704,Céline Dion,Indonesia,USWD11778858,Indonesia,266846,0.0422032098010971,2065952,0.326742037336127,6322884,How Does A Moment Last Forever,331430,50,Indonesia
1705,"Mandy Moore, Zachary Levi",Indonesia,USWD11054842,Indonesia,284107,0.04867497176115963,1769641,0.3031858620251887,5836819,"I See the Light - From ""Tangled""",152931,50,Indonesia
1706,"Lea Salonga, Brad Kane",Indonesia,USWD10423000,Indonesia,216240,0.04305297004569301,1763801,0.35116940260619395,5022650,"A Whole New World - From ""Aladdin"" / Soundtrack Version",189924,50,Indonesia
1707,Miguel,Indonesia,USWD11783640,Indonesia,188162,0.037564948378691225,2056782,0.4106190923577624,5008978,Remember Me (Dúo),135044,50,Indonesia
1708,"Mandy Moore, Zachary Levi",Indonesia,USWD11054842,Indonesia,239248,0.04867497176115963,1490224,0.3031858620251887,4915216,"I See the Light - From ""Tangled"" / Soundtrack Version",128784,50,Indonesia
1709,Idina Menzel,Indonesia,USWD11366376,Indonesia,195008,0.04323417372685016,1844414,0.4089150973305434,4510506,"Let It Go - From ""Frozen""/Soundtrack Version",228734,50,Indonesia
1710,"Lea Salonga, Brad Kane",Indonesia,USWD10423000,Indonesia,165360,0.04305297004569301,1348789,0.35116940260619395,3840850,A Whole New World,145236,50,Indonesia
1711,Idina Menzel,Indonesia,USWD11366376,Indonesia,132960,0.04323417372685016,1257555,0.4089150973305434,3075345,"Let It Go - From ""Frozen""",155955,50,Indonesia
1712,Josh Groban,Indonesia,USWD11778936,Indonesia,130410,0.042827361169859204,1303226,0.42798658529216266,3045016,Evermore,269468,50,Indonesia
1713,Elton John,Indonesia,GBAMB7100001,Indonesia,87043,0.03063536270364652,1230369,0.4330365517539936,2841259,Tiny Dancer,178268,50,Indonesia
1714,Jodi Benson,Indonesia,USWD10220403,Indonesia,79400,0.03551015662036333,827040,0.3698780847771447,2235980,"Part of Your World - From ""The Little Mermaid"" / Soundtrack Version",145780,50,Indonesia
1715,Demi Lovato,Indonesia,USWD11366344,Indonesia,157500,0.07242298333029847,1010340,0.4645830919233889,2174724,"Let It Go - From ""Frozen / Single Version",333072,50,Indonesia
1716,Auli'i Cravalho,Indonesia,USWD11677855,Indonesia,77710,0.037325225627650734,757300,0.36374203278625533,2081970,How Far I'll Go,85910,50,Indonesia
1717,"Demi Lovato, Joe Jonas",Indonesia,USWD10833742,Indonesia,102375,0.049685073075276705,856401,0.41563219796571477,2060478,This Is Me,183855,50,Indonesia
1718,Lea Salonga,Indonesia,USWD10110091,Indonesia,84368,0.04154880191630355,709152,0.3492368667806573,2030576,"Reflection - From ""Mulan""",138896,50,Indonesia
1719,"Ariana Grande, John Legend",Indonesia,USWD11778859,Indonesia,57214,0.031198571760423063,589222,0.321300465791939,1833866,"Beauty and the Beast - From ""Beauty and the Beast""",23132,50,Indonesia
1820,Alessia Cara,Italy,USWD11677601,Italy,608456,0.04944936165481801,8096660,0.6580174548958327,12304628,How Far I'll Go - Alessia Cara Version,694868,50,Italy
1821,Elton John,Italy,GBAMB7100001,Italy,256373,0.02762413854037816,4451534,0.4796518819579431,9280760,Tiny Dancer,256086,50,Italy
1822,"Ariana Grande, John Legend",Italy,USWD11778859,Italy,438150,0.052116960856195486,7810018,0.928984143312067,8407052,Beauty and the Beast,507380,50,Italy
1823,Lifehouse,Italy,USDW10500001,Italy,134040,0.02853141137254735,2501920,0.5325522884303466,4697980,You And Me,133160,50,Italy
1824,Demi Lovato,Italy,USWD11366344,Italy,304020,0.07186989379084967,4180032,0.9881535947712419,4230144,"Let It Go - From ""Frozen / Single Version",436464,50,Italy
1825,"Demi Lovato, Joe Jonas",Italy,USWD10833742,Italy,188832,0.053640669553909115,2371446,0.6736461577007051,3520314,This Is Me,329973,50,Italy
1826,Idina Menzel,Italy,USWD11366376,Italy,132286,0.04242873271239063,2306920,0.7399096810612475,3117840,"Let It Go - From ""Frozen""/Soundtrack Version",327096,50,Italy
1827,"Demi Lovato, Joe Jonas",Italy,USWD10833742,Italy,143872,0.053640669553909115,1806816,0.6736461577007051,2682144,"This Is Me - From ""Camp Rock""",251408,50,Italy
1828,Joe Jonas,Italy,USWD10833810,Italy,119493,0.05012458471760797,1974291,0.8281699889258028,2383920,Gotta Find You,294228,50,Italy
1829,Idina Menzel,Italy,USWD11366376,Italy,90195,0.04242873271239063,1572900,0.7399096810612475,2125800,"Let It Go - From ""Frozen""",223020,50,Italy
1830,"Lea Salonga, Brad Kane",Italy,USWD10423000,Italy,71400,0.03381362253294342,1713450,0.8114559037685141,2111575,"A Whole New World - From ""Aladdin""",327300,50,Italy
1831,Nick Jonas,Italy,USWD11038146,Italy,85995,0.04516577327774469,1475250,0.7748218736902477,1903986,Introducing Me,227220,50,Italy
1832,"Olivia Foa'i, Opetaia Foa'i, Talaga Steve Sale",Italy,NZSO01100005,Italy,128649,0.0697059000421002,1070521,0.5800404963813877,1845597,Logo Te Pate,306841,50,Italy
1833,"High School Musical Cast, Vanessa Hudgens, Zac Efron",Italy,USWD10834891,Italy,106828,0.061227870178207786,1625523,0.9316594077928152,1744761,Can I Have This Dance - 『ハイスクール・ミュージカル: ザ・ムービー』より,205734,50,Italy
1834,Céline Dion,Italy,USWD11778858,Italy,114816,0.06759831004224895,1319004,0.7765680857978551,1698504,How Does A Moment Last Forever,272182,50,Italy
1835,"Vai Mahina, Sulata Foai-Amiatu, Matthew Ineleo",Italy,NZSO01600013,Italy,130795,0.07938825008983112,1150108,0.6980776140855193,1647536,An Innocent Warrior,314648,50,Italy
1836,Jordan Fisher,Italy,USWD11677600,Italy,134904,0.08293939824301569,962115,0.5915112905516444,1626537,You're Welcome - Jordan Fisher/Lin-Manuel Miranda Version,277662,50,Italy
1837,Miguel,Italy,USWD11783640,Italy,138086,0.09080184646948196,1342380,0.8827149940160711,1520740,Remember Me (Dúo),189826,50,Italy
1838,Josh Groban,Italy,USWD11778936,Italy,91080,0.06113564084354834,1434878,0.9631333559761632,1489802,Evermore,258060,50,Italy
1839,"Alanna Ubach, Antonio Sol",Italy,USWD11783648,Italy,116624,0.08041348572437226,743712,0.5127973169763029,1450304,La Llorona,92400,50,Italy
2300,Lifehouse,Malaysia,USDW10500001,Malaysia,182000,0.01720727773302625,2692160,0.2545315649546371,10576920,You And Me,150220,50,Malaysia
2301,Alessia Cara,Malaysia,USWD11677601,Malaysia,273600,0.03331097180133707,3401190,0.41409701820537137,8213510,How Far I'll Go - Alessia Cara Version,395010,50,Malaysia
2302,"Ariana Grande, John Legend",Malaysia,USWD11778859,Malaysia,210680,0.02634227705403618,3411360,0.4265378310758347,7997790,Beauty and the Beast,384560,50,Malaysia
2303,Idina Menzel,Malaysia,USWD11366376,Malaysia,87604,0.031366185644968174,1143098,0.4092806730102716,2792944,"Let It Go - From ""Frozen""/Soundtrack Version",191422,50,Malaysia
2304,"Lea Salonga, Brad Kane",Malaysia,USWD10423000,Malaysia,74575,0.03118629183176339,965700,0.4038431380748764,2391275,"A Whole New World - From ""Aladdin""",235500,50,Malaysia
2305,Céline Dion,Malaysia,USWD11778858,Malaysia,97520,0.04456777665657585,822572,0.3759249915909855,2188128,How Does A Moment Last Forever,214958,50,Malaysia
2306,Miguel,Malaysia,USWD11783640,Malaysia,82888,0.04045787964161527,924638,0.4513185613848067,2048748,Remember Me (Dúo),105664,50,Malaysia
2307,Idina Menzel,Malaysia,USWD11366376,Malaysia,59730,0.031366185644968174,779385,0.4092806730102716,1904280,"Let It Go - From ""Frozen""",130515,50,Malaysia
2308,"Mandy Moore, Zachary Levi",Malaysia,USWD11054842,Malaysia,65664,0.035043246367406536,694868,0.3708337980754606,1873799,"I See the Light - From ""Tangled""",126616,50,Malaysia
2309,"Lea Salonga, Brad Kane",Malaysia,USWD10423000,Malaysia,50711,0.03118629183176339,656676,0.4038431380748764,1626067,"A Whole New World - From ""Aladdin"" / Soundtrack Version",160140,50,Malaysia
2310,"Mandy Moore, Zachary Levi",Malaysia,USWD11054842,Malaysia,55296,0.035043246367406536,585152,0.3708337980754606,1577936,"I See the Light - From ""Tangled"" / Soundtrack Version",106624,50,Malaysia
2311,Elton John,Malaysia,GBAMB7100001,Malaysia,43993,0.03129100930273249,632261,0.4497098364002216,1405931,Tiny Dancer,147682,50,Malaysia
2312,"Demi Lovato, Joe Jonas",Malaysia,USWD10833742,Malaysia,59745,0.04383329481549958,571515,0.4193051382790232,1363005,This Is Me,162162,50,Malaysia
2313,Josh Groban,Malaysia,USWD11778936,Malaysia,50692,0.038333101433143175,558256,0.42215110616390705,1322408,Evermore,179354,50,Malaysia
2314,Auli'i Cravalho,Malaysia,USWD11677855,Malaysia,38260,0.029615066064973567,470160,0.36392627969440594,1291910,How Far I'll Go,67730,50,Malaysia
2315,"Lea Salonga, Brad Kane",Malaysia,USWD10423000,Malaysia,38779,0.03118629183176339,502164,0.4038431380748764,1243463,A Whole New World,122460,50,Malaysia
2316,Demi Lovato,Malaysia,USWD11366344,Malaysia,66204,0.053465519246424,608724,0.4915978602163042,1238256,"Let It Go - From ""Frozen / Single Version",246564,50,Malaysia
2317,Lifehouse,Malaysia,USDW10500001,Malaysia,18200,0.01720727773302625,269216,0.2545315649546371,1057692,You and Me,15022,50,Malaysia
2318,"Demi Lovato, Joe Jonas",Malaysia,USWD10833742,Malaysia,45520,0.04383329481549958,435440,0.4193051382790232,1038480,"This Is Me - From ""Camp Rock""",123552,50,Malaysia
2319,Lea Salonga,Malaysia,USWD10110091,Malaysia,38224,0.037104915741244075,382048,0.37086277859749944,1030160,"Reflection - From ""Mulan""",120832,50,Malaysia
2480,"Ariana Grande, John Legend",Mexico,USWD11778859,Mexico,1264862,0.035108215324939636,30492388,0.8463637327041255,36027522,Beauty and the Beast,463220,50,Mexico
2481,Alessia Cara,Mexico,USWD11677601,Mexico,1098656,0.04043817345671415,20537214,0.7559121527117297,27168784,How Far I'll Go - Alessia Cara Version,475912,50,Mexico
2482,Lifehouse,Mexico,USDW10500001,Mexico,525000,0.03134612812625385,10749240,0.6418039129521007,16748480,You And Me,294360,50,Mexico
2483,Miguel,Mexico,USWD11783640,Mexico,1139970,0.07072025136375806,13484432,0.8365329092322631,16119428,Remember Me (Dúo),221442,50,Mexico
2484,Elton John,Mexico,GBAMB7100001,Mexico,469819,0.031212547122529473,9231273,0.6132820160815846,15052248,Tiny Dancer,401267,50,Mexico
2485,Carlos Rivera,Mexico,USWD11781632,Mexico,602155,0.04409799244668409,9829495,0.7198495341975389,13654930,Recuérdame,48400,50,Mexico
2486,Nick Jonas,Mexico,USWD11038146,Mexico,595917,0.043881800426493305,8621277,0.6348487402365043,13580049,Introducing Me,229740,50,Mexico
2487,"Luis Ángel Gómez Jaramillo, Gael Garcia Bernal",Mexico,USWD11783809,Mexico,591550,0.044659203208245284,7330330,0.5534049481083537,13245870,Un Poco Loco,47685,50,Mexico
2488,Mexican Institute Of Sound,Mexico,MX3741700770,Mexico,916188,0.0927364598136744,11991278,1.2137559871572188,9879480,Jálale - Instrumental,190866,50,Mexico
2489,"Demi Lovato, Joe Jonas",Mexico,USWD10833742,Mexico,531006,0.05636785565406196,7619661,0.8088495259580596,9420369,This Is Me,319725,50,Mexico
2490,"Angelica Vale, Marco Antonio Solís",Mexico,USWD11783812,Mexico,466535,0.05122958245257639,6133390,0.6734993274219673,9106750,La Llorona,46100,50,Mexico
2491,Idina Menzel,Mexico,USWD11366376,Mexico,288508,0.03371988377773778,6613618,0.7729783240338381,8556020,"Let It Go - From ""Frozen""/Soundtrack Version",268686,50,Mexico
2492,"High School Musical Cast, Vanessa Hudgens, Zac Efron",Mexico,USWD10834891,Mexico,466259,0.06110477395667169,6914308,0.9061427820306025,7630484,Can I Have This Dance - 『ハイスクール・ミュージカル: ザ・ムービー』より,147305,50,Mexico
2493,"Lea Salonga, Brad Kane",Mexico,USWD10423000,Mexico,281075,0.037439352112394644,5997650,0.7988904391956018,7507475,"A Whole New World - From ""Aladdin""",314575,50,Mexico
2494,"Demi Lovato, Joe Jonas",Mexico,USWD10833742,Mexico,404576,0.05636785565406196,5805456,0.8088495259580596,7177424,"This Is Me - From ""Camp Rock""",243600,50,Mexico
2495,Luis Ángel Gómez Jaramillo,Mexico,USWD11783814,Mexico,337965,0.05352175575873758,3580210,0.5669791995768493,6314535,El Latido de mi Corazón,42125,50,Mexico
2496,"Marco Antonio Solís, Luis Ángel Gómez Jaramillo",Mexico,USWD11783810,Mexico,324580,0.05259733577916832,4104625,0.6651436914553231,6171035,El Mundo es mi Familia,41705,50,Mexico
2497,"Olivia Foa'i, Opetaia Foa'i, Talaga Steve Sale",Mexico,NZSO01100005,Mexico,345765,0.05773151294248471,4432156,0.7400259467473899,5989190,Logo Te Pate,256743,50,Mexico
2498,Idina Menzel,Mexico,USWD11366376,Mexico,196710,0.03371988377773778,4509285,0.7729783240338381,5833650,"Let It Go - From ""Frozen""",183195,50,Mexico
2499,Josh Groban,Mexico,USWD11778936,Mexico,245548,0.045492508820671906,4123992,0.7640491571357957,5397548,Evermore,296056,50,Mexico
2740,Alessia Cara,Netherlands,USWD11677601,Netherlands,850022,0.0331258616885319,15198746,0.5923041495809843,25660374,How Far I'll Go - Alessia Cara Version,665342,50,Netherlands
2741,Elton John,Netherlands,GBAMB7100001,Netherlands,405162,0.02730415033031888,6051846,0.4078381313152245,14838843,Tiny Dancer,276258,50,Netherlands
2742,"Ariana Grande, John Legend",Netherlands,USWD11778859,Netherlands,642482,0.04794779193672416,9698272,0.7237723827309678,13399616,Beauty and the Beast,338192,50,Netherlands
2743,Idina Menzel,Netherlands,USWD11366376,Netherlands,358996,0.037689916249763256,6165566,0.6473043325618888,9524988,"Let It Go - From ""Frozen""/Soundtrack Version",292028,50,Netherlands
2744,Demi Lovato,Netherlands,USWD11366344,Netherlands,503892,0.06179881938956171,5999940,0.7358505560878261,8153748,"Let It Go - From ""Frozen / Single Version",578232,50,Netherlands
2745,Idina Menzel,Netherlands,USWD11366376,Netherlands,244770,0.037689916249763256,4203795,0.6473043325618888,6494310,"Let It Go - From ""Frozen""",199110,50,Netherlands
2746,"Lea Salonga, Brad Kane",Netherlands,USWD10423000,Netherlands,169200,0.03065092455470565,3574075,0.6474509644081536,5520225,"A Whole New World - From ""Aladdin""",325200,50,Netherlands
2747,Céline Dion,Netherlands,USWD11778858,Netherlands,331430,0.07125761531766754,2486760,0.5346546403987658,4651152,How Does A Moment Last Forever,179906,50,Netherlands
2748,Josh Groban,Netherlands,USWD11778936,Netherlands,265650,0.06448551169672269,2381742,0.5781586734409022,4119530,Evermore,187496,50,Netherlands
2749,"Troy, Gabriella",Netherlands,USWD10527742,Netherlands,229764,0.056327130984776055,3078324,0.7546576450687652,4079100,Breaking Free - 『ハイスクール・ミュージカル』より,182028,50,Netherlands
2750,Miguel,Netherlands,USWD11783640,Netherlands,281398,0.07128742869939798,2738008,0.6936280644438882,3947372,Remember Me (Dúo),182390,50,Netherlands
2751,Auli'i Cravalho,Netherlands,USWD11677855,Netherlands,114300,0.029239092897432945,2067230,0.5288182853049895,3909150,How Far I'll Go,93360,50,Netherlands
2752,Lifehouse,Netherlands,USDW10500001,Netherlands,79040,0.020966852001188405,1795400,0.47626374092780444,3769760,You And Me,132520,50,Netherlands
2753,"Lea Salonga, Brad Kane",Netherlands,USWD10423000,Netherlands,115056,0.03065092455470565,2430371,0.6474509644081536,3753753,"A Whole New World - From ""Aladdin"" / Soundtrack Version",221136,50,Netherlands
2754,Samuel E. Wright,Netherlands,USWD10220463,Netherlands,122994,0.03412336948922315,2335518,0.647964483330337,3604392,"Under the Sea - From ""The Little Mermaid""",313074,50,Netherlands
2755,"Mandy Moore, Zachary Levi",Netherlands,USWD11054842,Netherlands,111568,0.03117881624569247,2278366,0.63671263134979,3578327,"I See the Light - From ""Tangled""",141569,50,Netherlands
2756,Dwayne Johnson,Netherlands,USWD11677860,Netherlands,97290,0.027849659357645846,1746420,0.49991984885784624,3493400,You're Welcome,90920,50,Netherlands
2757,"Jason Weaver, Rowan Atkinson, Laura Williams",Netherlands,USWD10321345,Netherlands,115092,0.03667518125363272,1695960,0.5404340909786166,3138144,"I Just Can't Wait to Be King - From ""The Lion King""/Soundtrack Version",138276,50,Netherlands
2758,"Demi Lovato, Joe Jonas",Netherlands,USWD10833742,Netherlands,114618,0.037496564990381974,2398116,0.7845287166804067,3056760,This Is Me,315126,50,Netherlands
2759,"Mandy Moore, Zachary Levi",Netherlands,USWD11054842,Netherlands,93952,0.03117881624569247,1918624,0.63671263134979,3013328,"I See the Light - From ""Tangled"" / Soundtrack Version",119216,50,Netherlands
2880,Alessia Cara,Norway,USWD11677601,Norway,684912,0.019843183364489685,21029542,0.6092652165201328,34516236,How Far I'll Go - Alessia Cara Version,625404,50,Norway
2881,Elton John,Norway,GBAMB7100001,Norway,273347,0.023824924151190176,6031469,0.5257028299021201,11473153,Tiny Dancer,314388,50,Norway
2882,Idina Menzel,Norway,USWD11366376,Norway,180994,0.022605933542347315,5637896,0.7041664491345887,8006482,"Let It Go - From ""Frozen""/Soundtrack Version",241824,50,Norway
2883,Demi Lovato,Norway,USWD11366344,Norway,283932,0.036269573015106575,6330348,0.8086408682256099,7828380,"Let It Go - From ""Frozen / Single Version",451800,50,Norway
2884,Rascal Flatts,Norway,USWD10628832,Norway,161140,0.02140704064999608,5341830,0.7096485785985389,7527430,Life is a Highway,132060,50,Norway
2885,"Ariana Grande, John Legend",Norway,USWD11778859,Norway,212934,0.028676210948873456,5648202,0.7606536862776679,7425458,Beauty and the Beast,311696,50,Norway
2886,Idina Menzel,Norway,USWD11366376,Norway,123405,0.022605933542347315,3844020,0.7041664491345887,5458965,"Let It Go - From ""Frozen""",164880,50,Norway
2887,"Olivia Foa'i, Opetaia Foa'i, Talaga Steve Sale",Norway,NZSO01100005,Norway,162245,0.030984144032107627,2233949,0.42662021989203247,5236388,Logo Te Pate,337403,50,Norway
2888,"Vai Mahina, Sulata Foai-Amiatu, Matthew Ineleo",Norway,NZSO01600013,Norway,165834,0.0346234067207416,2572832,0.5371649285438393,4789650,An Innocent Warrior,337181,50,Norway
2889,Olivia Foa'i,Norway,USWD11677853,Norway,165612,0.03645099556170854,2976872,0.6552058308563052,4543415,Tulou Tagaloa,343360,50,Norway
2890,"Demi Lovato, Joe Jonas",Norway,USWD10833742,Norway,143913,0.03188034983252698,3318672,0.7351693338295496,4514160,This Is Me,266994,50,Norway
2891,Céline Dion,Norway,USWD11778858,Norway,142600,0.03289124668435013,2221938,0.5124986737400531,4335500,How Does A Moment Last Forever,226274,50,Norway
2892,Dwayne Johnson,Norway,USWD11677860,Norway,73930,0.017978211176499198,1971150,0.4793419580759691,4112200,You're Welcome,79380,50,Norway
2893,Lifehouse,Norway,USDW10500001,Norway,70820,0.019168516212851188,2282160,0.6177015103123478,3694600,You And Me,124240,50,Norway
2894,"Lea Salonga, Brad Kane",Norway,USWD10423000,Norway,92775,0.025482736836322684,2699475,0.741471420331255,3640700,"A Whole New World - From ""Aladdin""",320375,50,Norway
2895,Nick Jonas,Norway,USWD11038146,Norway,76902,0.02127585405531025,2197209,0.6078840343946084,3614520,Introducing Me,168273,50,Norway
2896,"Demi Lovato, Joe Jonas",Norway,USWD10833742,Norway,109648,0.03188034983252698,2528512,0.7351693338295496,3439360,"This Is Me - From ""Camp Rock""",203424,50,Norway
2897,Jordan Fisher,Norway,USWD11677600,Norway,156915,0.047543819303490546,1490478,0.4516012918320618,3300429,You're Welcome - Jordan Fisher/Lin-Manuel Miranda Version,308715,50,Norway
2898,Josh Groban,Norway,USWD11778936,Norway,113896,0.03772779911013592,1808352,0.5990126165660998,3018888,Evermore,215326,50,Norway
2899,Auli'i Cravalho,Norway,USWD11677855,Norway,58030,0.019801203154270582,1587610,0.541729935201646,2930630,How Far I'll Go,73350,50,Norway
3000,Lifehouse,Philippines,USDW10500001,Philippines,1473440,0.02169083203737541,17867480,0.26303107531434217,67929160,You And Me,275840,50,Philippines
3001,"Ariana Grande, John Legend",Philippines,USWD11778859,Philippines,1124838,0.026334153953515422,17735024,0.4152036581136936,42714036,Beauty and the Beast,650302,50,Philippines
3002,Alessia Cara,Philippines,USWD11677601,Philippines,1152236,0.032280970707377184,15649084,0.4384237449630848,35693970,How Far I'll Go - Alessia Cara Version,590064,50,Philippines
3003,"Lea Salonga, Brad Kane",Philippines,USWD10423000,Philippines,623600,0.027674105894726565,7247450,0.3216271628716101,22533700,"A Whole New World - From ""Aladdin""",488475,50,Philippines
3004,"Lea Salonga, Brad Kane",Philippines,USWD10423000,Philippines,424048,0.027674105894726565,4928266,0.3216271628716101,15322916,"A Whole New World - From ""Aladdin"" / Soundtrack Version",332163,50,Philippines
3005,"Mandy Moore, Zachary Levi",Philippines,USWD11054842,Philippines,424726,0.028611581841360208,4588728,0.3091187417764421,14844548,"I See the Light - From ""Tangled""",278673,50,Philippines
3006,Idina Menzel,Philippines,USWD11366376,Philippines,366476,0.026917800360993914,5557948,0.4082333759394487,13614634,"Let It Go - From ""Frozen""/Soundtrack Version",301686,50,Philippines
3007,"Mandy Moore, Zachary Levi",Philippines,USWD11054842,Philippines,357664,0.028611581841360208,3864192,0.3091187417764421,12500672,"I See the Light - From ""Tangled"" / Soundtrack Version",234672,50,Philippines
3008,"Lea Salonga, Brad Kane",Philippines,USWD10423000,Philippines,324272,0.027674105894726565,3768674,0.3216271628716101,11717524,A Whole New World,254007,50,Philippines
3009,Jodi Benson,Philippines,USWD10220403,Philippines,290580,0.026473112362682915,3248280,0.29593255360126525,10976420,"Part of Your World - From ""The Little Mermaid"" / Soundtrack Version",299520,50,Philippines
3010,Miguel,Philippines,USWD11783640,Philippines,374972,0.036405769589999644,4737798,0.4599894988211417,10299796,Remember Me (Dúo),182676,50,Philippines
3011,Idina Menzel,Philippines,USWD11366376,Philippines,249870,0.026917800360993914,3789510,0.4082333759394487,9282705,"Let It Go - From ""Frozen""",205695,50,Philippines
3012,Lea Salonga,Philippines,USWD10110091,Philippines,307440,0.03331911440342919,3021968,0.3275087741201604,9227136,"Reflection - From ""Mulan""",263520,50,Philippines
3013,"High School Musical Cast, Vanessa Hudgens, Zac Efron",Philippines,USWD10834891,Philippines,367999,0.04439317501333005,3309883,0.3992842787416431,8289540,Can I Have This Dance - 『ハイスクール・ミュージカル: ザ・ムービー』より,171632,50,Philippines
3014,Jodi Benson,Philippines,USWD10220403,Philippines,217935,0.026473112362682915,2436210,0.29593255360126525,8232315,"Part of Your World - From ""The Little Mermaid""",224640,50,Philippines
3015,Lea Salonga,Philippines,USWD10110091,Philippines,249795,0.03331911440342919,2455349,0.3275087741201604,7497048,"Reflection - From ""Mulan"" / Soundtrack Version",214110,50,Philippines
3016,Elton John,Philippines,GBAMB7100001,Philippines,243540,0.03361744032055418,3031663,0.41848053697352483,7244454,Tiny Dancer,257849,50,Philippines
3017,Auli'i Cravalho,Philippines,USWD11677855,Philippines,176300,0.025945090005768844,2562600,0.37712358280648467,6795120,How Far I'll Go,107500,50,Philippines
3018,Lifehouse,Philippines,USDW10500001,Philippines,147344,0.02169083203737541,1786748,0.26303107531434217,6792916,You and Me,27584,50,Philippines
3019,Céline Dion,Philippines,USWD11778858,Philippines,356316,0.053307457263192665,2639756,0.3949266385883778,6684168,How Does A Moment Last Forever,362664,50,Philippines
3020,Alessia Cara,Poland,USWD11677601,Poland,216600,0.043566989979592304,2750934,0.5533237027355483,4971654,How Far I'll Go - Alessia Cara Version,452048,50,Poland
3021,"Ariana Grande, John Legend",Poland,USWD11778859,Poland,153272,0.04829965500246427,2370426,0.7469776476386513,3173356,Beauty and the Beast,347024,50,Poland
3022,Elton John,Poland,GBAMB7100001,Poland,94505,0.030543556038480905,1511793,0.48860413961254073,3094106,Tiny Dancer,180564,50,Poland
3023,Demi Lovato,Poland,USWD11366344,Poland,87660,0.06799966488871513,974052,0.7555921695663101,1289124,"Let It Go - From ""Frozen / Single Version",291132,50,Poland
3024,Idina Menzel,Poland,USWD11366376,Poland,44462,0.036022386995579636,807950,0.6545879081705405,1234288,"Let It Go - From ""Frozen""/Soundtrack Version",168344,50,Poland
3025,"Demi Lovato, Joe Jonas",Poland,USWD10833742,Poland,66990,0.05777520194153657,697767,0.601785778969102,1159494,This Is Me,215649,50,Poland
3026,"Olivia Foa'i, Opetaia Foa'i, Talaga Steve Sale",Poland,NZSO01100005,Poland,74296,0.06957485880600117,448995,0.42046360139981287,1067857,Logo Te Pate,228327,50,Poland
3027,Miguel,Poland,USWD11783640,Poland,68250,0.06963603565365026,591266,0.6032735568760611,980096,Remember Me (Dúo),137982,50,Poland
3028,Lifehouse,Poland,USDW10500001,Poland,29440,0.030541319999170074,493640,0.5121065626491276,963940,You And Me,84320,50,Poland
3029,Josh Groban,Poland,USWD11778936,Poland,61548,0.06502089610263388,538752,0.5691515210418894,946588,Evermore,231932,50,Poland
3030,Jordan Fisher,Poland,USWD11677600,Poland,76131,0.08228999464954521,360789,0.38997681469591583,925155,You're Welcome - Jordan Fisher/Lin-Manuel Miranda Version,207834,50,Poland
3031,Nick Jonas,Poland,USWD11038146,Poland,40845,0.044591682332981795,525042,0.5732037232335274,915978,Introducing Me,148491,50,Poland
3032,"Lea Salonga, Brad Kane",Poland,USWD10423000,Poland,30675,0.03429577661626185,666625,0.7453112334740196,894425,"A Whole New World - From ""Aladdin""",180300,50,Poland
3033,"Demi Lovato, Joe Jonas",Poland,USWD10833742,Poland,51040,0.05777520194153657,531632,0.601785778969102,883424,"This Is Me - From ""Camp Rock""",164304,50,Poland
3034,"Vai Mahina, Sulata Foai-Amiatu, Matthew Ineleo",Poland,NZSO01600013,Poland,76109,0.09040168761536434,472527,0.5612639535905775,841898,An Innocent Warrior,227550,50,Poland
3035,Idina Menzel,Poland,USWD11366376,Poland,30315,0.036022386995579636,550875,0.6545879081705405,841560,"Let It Go - From ""Frozen""",114780,50,Poland
3036,Olivia Foa'i,Poland,USWD11677853,Poland,77145,0.09700832829293259,546342,0.6870143767738334,795241,Tulou Tagaloa,233618,50,Poland
3037,Dwayne Johnson,Poland,USWD11677860,Poland,22170,0.030774142502186255,339270,0.47094015907608167,720410,You're Welcome,58750,50,Poland
3038,Katarzyna Łaska,Poland,USWD11366594,Poland,29290,0.04303460840563314,315270,0.46321341727702153,680615,Mam Tę Moc - z filmu „Kraina lodu”/Ścieżka dźwiękowa polskiej wersji,56470,50,Poland
3039,Céline Dion,Poland,USWD11778858,Poland,54188,0.0823949080226621,377936,0.5746660138490592,657662,How Does A Moment Last Forever,211324,50,Poland
3400,Alessia Cara,Singapore,USWD11677601,Singapore,354806,0.027391192105046997,6339920,0.4894448421126744,12953288,How Far I'll Go - Alessia Cara Version,479940,50,Singapore
3401,Lifehouse,Singapore,USDW10500001,Singapore,186520,0.018019932835849736,3189160,0.30810877655360575,10350760,You And Me,166540,50,Singapore
3402,"Ariana Grande, John Legend",Singapore,USWD11778859,Singapore,253782,0.02509769312304102,5219344,0.5161654255052975,10111766,Beauty and the Beast,427156,50,Singapore
3403,Idina Menzel,Singapore,USWD11366376,Singapore,113300,0.02468342903154686,1831808,0.39907592910344036,4590124,"Let It Go - From ""Frozen""/Soundtrack Version",246840,50,Singapore
3404,"Lea Salonga, Brad Kane",Singapore,USWD10423000,Singapore,115000,0.028844465624921618,1650275,0.41392435225363067,3986900,"A Whole New World - From ""Aladdin""",315625,50,Singapore
3405,Idina Menzel,Singapore,USWD11366376,Singapore,77250,0.02468342903154686,1248960,0.39907592910344036,3129630,"Let It Go - From ""Frozen""",168300,50,Singapore
3406,"Mandy Moore, Zachary Levi",Singapore,USWD11054842,Singapore,87571,0.02993284754964995,1107092,0.37841769603449843,2925582,"I See the Light - From ""Tangled""",180576,50,Singapore
3407,"Lea Salonga, Brad Kane",Singapore,USWD10423000,Singapore,78200,0.028844465624921618,1122187,0.41392435225363067,2711092,"A Whole New World - From ""Aladdin"" / Soundtrack Version",214625,50,Singapore
3408,Céline Dion,Singapore,USWD11778858,Singapore,109250,0.04388720526276887,1086290,0.43637741148643655,2489336,How Does A Moment Last Forever,268180,50,Singapore
3409,Elton John,Singapore,GBAMB7100001,Singapore,82205,0.033112582781456956,1202940,0.48455021386930025,2482591,Tiny Dancer,207214,50,Singapore
3410,"Mandy Moore, Zachary Levi",Singapore,USWD11054842,Singapore,73744,0.02993284754964995,932288,0.37841769603449843,2463648,"I See the Light - From ""Tangled"" / Soundtrack Version",152064,50,Singapore
3411,"Lea Salonga, Brad Kane",Singapore,USWD10423000,Singapore,59800,0.028844465624921618,858143,0.41392435225363067,2073188,A Whole New World,164125,50,Singapore
3412,Auli'i Cravalho,Singapore,USWD11677855,Singapore,53230,0.026304475664777303,804700,0.3976556747594645,2023610,How Far I'll Go,86230,50,Singapore
3413,Demi Lovato,Singapore,USWD11366344,Singapore,92448,0.04613228900944921,1082196,0.5400244314303165,2003976,"Let It Go - From ""Frozen / Single Version",310320,50,Singapore
3414,Samuel E. Wright,Singapore,USWD10220463,Singapore,48438,0.02498769650766531,778482,0.40159527545894347,1938474,"Under the Sea - From ""The Little Mermaid""",213102,50,Singapore
3415,"High School Musical Cast, Vanessa Hudgens, Zac Efron",Singapore,USWD10834891,Singapore,76500,0.04000320025602048,969459,0.5069472224444622,1912347,Can I Have This Dance - 『ハイスクール・ミュージカル: ザ・ムービー』より,101898,50,Singapore
3416,Miguel,Singapore,USWD11783640,Singapore,58240,0.030870577858629292,867074,0.4595995093783162,1886586,Remember Me (Dúo),107952,50,Singapore
3417,"Demi Lovato, Joe Jonas",Singapore,USWD10833742,Singapore,67977,0.036303482308080524,931203,0.4973139684853923,1872465,This Is Me,207375,50,Singapore
3418,Josh Groban,Singapore,USWD11778936,Singapore,78154,0.04286615365207518,826620,0.45338715781506245,1823210,Evermore,233496,50,Singapore
3419,Jodi Benson,Singapore,USWD10220403,Singapore,47880,0.026534842220769,702780,0.38947695104244023,1804420,"Part of Your World - From ""The Little Mermaid"" / Soundtrack Version",187560,50,Singapore
3560,Alessia Cara,Spain,USWD11677601,Spain,761102,0.034720910034895996,11500054,0.5246239535968186,21920566,How Far I'll Go - Alessia Cara Version,836912,50,Spain
3561,"Ariana Grande, John Legend",Spain,USWD11778859,Spain,477388,0.03320258761349603,9635160,0.6701304684450644,14378036,Beauty and the Beast,566536,50,Spain
3562,Elton John,Spain,GBAMB7100001,Spain,283146,0.022659859302813945,4969528,0.39770579588408234,12495488,Tiny Dancer,293642,50,Spain
3563,Idina Menzel,Spain,USWD11366376,Spain,215688,0.027711040888200478,4417028,0.5674884254679277,7783468,"Let It Go - From ""Frozen""/Soundtrack Version",329252,50,Spain
3564,Nick Jonas,Spain,USWD11038146,Spain,201957,0.03428483830832469,3055584,0.518725289925598,5890563,Introducing Me,301623,50,Spain
3565,"Demi Lovato, Joe Jonas",Spain,USWD10833742,Spain,248430,0.043977695167286245,3608724,0.638825278810409,5649000,This Is Me,445830,50,Spain
3566,Lifehouse,Spain,USDW10500001,Spain,92000,0.017098464855220607,1787320,0.33217856744600976,5380600,You And Me,158160,50,Spain
3567,Idina Menzel,Spain,USWD11366376,Spain,147060,0.027711040888200478,3011610,0.5674884254679277,5306910,"Let It Go - From ""Frozen""",224490,50,Spain
3568,"Demi Lovato, Joe Jonas",Spain,USWD10833742,Spain,189280,0.043977695167286245,2749504,0.638825278810409,4304000,"This Is Me - From ""Camp Rock""",339680,50,Spain
3569,Demi Lovato,Spain,USWD11366344,Spain,241776,0.05921615306617291,3033828,0.7430498611294802,4082940,"Let It Go - From ""Frozen / Single Version",644976,50,Spain
3570,"Lea Salonga, Brad Kane",Spain,USWD10423000,Spain,94200,0.02623516960953601,2380975,0.6631134072299895,3590600,"A Whole New World - From ""Aladdin""",411650,50,Spain
3571,"Olivia Foa'i, Opetaia Foa'i, Talaga Steve Sale",Spain,NZSO01100005,Spain,228882,0.06377779839782252,1732488,0.4827564875815781,3588741,Logo Te Pate,454138,50,Spain
3572,Miguel,Spain,USWD11783640,Spain,212628,0.06241890427269536,2300506,0.6753346868369232,3406468,Remember Me (Dúo),211068,50,Spain
3573,Olivia Foa'i,Spain,USWD11677853,Spain,235986,0.06983007795392836,2501274,0.7401462731015153,3379432,Tulou Tagaloa,471935,50,Spain
3574,"Vai Mahina, Sulata Foai-Amiatu, Matthew Ineleo",Spain,NZSO01600013,Spain,234765,0.07379279866021586,2002551,0.6294543170822479,3181408,An Innocent Warrior,439153,50,Spain
3575,Dwayne Johnson,Spain,USWD11677860,Spain,68900,0.024510414258017466,1278140,0.45468419273936783,2811050,You're Welcome,97940,50,Spain
3576,Joe Jonas,Spain,USWD10833810,Spain,133287,0.04777733090444534,1863675,0.6680427736639144,2789754,Gotta Find You,351615,50,Spain
3577,Samuel E. Wright,Spain,USWD10220463,Spain,77328,0.02811389530584332,1698660,0.6175764199284064,2750526,"Under the Sea - From ""The Little Mermaid""",355356,50,Spain
3578,Céline Dion,Spain,USWD11778858,Spain,186254,0.06796132800698244,1597028,0.5827318808956327,2740588,How Does A Moment Last Forever,335524,50,Spain
3579,"Angelica Vale, Marco Antonio Solís",Spain,USWD11783812,Spain,121275,0.044878436887096175,1134735,0.4199145172630722,2702300,La Llorona,40445,50,Spain
3729,Alessia Cara,Sweden,USWD11677601,Sweden,889618,0.019700441536955896,28009990,0.620276534923663,45157262,How Far I'll Go - Alessia Cara Version,595118,50,Sweden
3730,Elton John,Sweden,GBAMB7100001,Sweden,414961,0.02121794038599419,8296965,0.4242435042201081,19557082,Tiny Dancer,354322,50,Sweden
3731,Idina Menzel,Sweden,USWD11366376,Sweden,329494,0.025799505611396777,8223402,0.6438955065760574,12771330,"Let It Go - From ""Frozen""/Soundtrack Version",294624,50,Sweden
3732,"Ariana Grande, John Legend",Sweden,USWD11778859,Sweden,284510,0.028305340716672005,7173102,0.7136378197794151,10051460,Beauty and the Beast,347530,50,Sweden
3733,Demi Lovato,Sweden,USWD11366344,Sweden,358308,0.036329855965425865,7190496,0.7290646148005928,9862632,"Let It Go - From ""Frozen / Single Version",361512,50,Sweden
3734,Idina Menzel,Sweden,USWD11366376,Sweden,224655,0.025799505611396777,5606865,0.6438955065760574,8707725,"Let It Go - From ""Frozen""",200880,50,Sweden
3735,Rascal Flatts,Sweden,USWD10628832,Sweden,174260,0.023933920075595257,4749130,0.6522741756490974,7280880,Life is a Highway,134530,50,Sweden
3736,Dwayne Johnson,Sweden,USWD11677860,Sweden,106430,0.018363044093390478,2548660,0.43973650248107277,5795880,You're Welcome,75320,50,Sweden
3737,"Vai Mahina, Sulata Foai-Amiatu, Matthew Ineleo",Sweden,NZSO01600013,Sweden,192437,0.03499858686728665,2948789,0.5362973231228887,5498422,An Innocent Warrior,287527,50,Sweden
3738,"Lea Salonga, Brad Kane",Sweden,USWD10423000,Sweden,164900,0.032702519125222484,3757050,0.7450879289230876,5042425,"A Whole New World - From ""Aladdin""",391375,50,Sweden
3739,"Olivia Foa'i, Opetaia Foa'i, Talaga Steve Sale",Sweden,NZSO01100005,Sweden,185555,0.03769061379709448,2073776,0.4212330054036992,4923109,Logo Te Pate,286380,50,Sweden
3740,Céline Dion,Sweden,USWD11778858,Sweden,148718,0.0327170426141251,2159470,0.4750700790349839,4545582,How Does A Moment Last Forever,235658,50,Sweden
3741,Auli'i Cravalho,Sweden,USWD11677855,Sweden,94180,0.02094611124702533,2411330,0.5362920623623868,4496300,How Far I'll Go,72320,50,Sweden
3742,Josh Groban,Sweden,USWD11778936,Sweden,181378,0.04160028697129232,2272814,0.5212854625829526,4360018,Evermore,223836,50,Sweden
3743,Lifehouse,Sweden,USDW10500001,Sweden,135840,0.03119875425468877,2162020,0.49655720460631786,4354020,You And Me,125800,50,Sweden
3744,Jordan Fisher,Sweden,USWD11677600,Sweden,182358,0.043193809356313756,1804407,0.427396724899363,4221855,You're Welcome - Jordan Fisher/Lin-Manuel Miranda Version,249117,50,Sweden
3745,Olivia Foa'i,Sweden,USWD11677853,Sweden,190846,0.045855818212529896,3061972,0.7357200643652818,4161871,Tulou Tagaloa,295445,50,Sweden
3746,Shakira,Sweden,USWD11575402,Sweden,93008,0.02271270942735684,2429848,0.5933729526131533,4094976,Try Everything,70888,50,Sweden
3747,"Demi Lovato, Joe Jonas",Sweden,USWD10833742,Sweden,108549,0.031257747918266646,2646966,0.7622197899218103,3472707,This Is Me,261576,50,Sweden
3748,"Lea Salonga, Brad Kane",Sweden,USWD10423000,Sweden,112132,0.032702519125222484,2554794,0.7450879289230876,3428849,"A Whole New World - From ""Aladdin"" / Soundtrack Version",266135,50,Sweden
4313,Elton John,New Zealand,GBAMB7100001,AuNz,2927687,0.03293835780096665,41199260,0.4635181175498109,88883818,Tiny Dancer,590728,50,AuNz
4314,"Olivia Foa'i, Opetaia Foa'i, Talaga Steve Sale",New Zealand,NZSO01100005,AuNz,189736,0.07246110585143213,1238020,0.47280588958442255,2618453,Logo Te Pate,218411,50,AuNz
4315,"Vai Mahina, Sulata Foai-Amiatu, Matthew Ineleo",New Zealand,NZSO01600013,AuNz,608724,0.0672461176346829,5283452,0.5257005351812647,11683971,An Innocent Warrior,351500,50,AuNz
4316,Lifehouse,New Zealand,USDW10500001,AuNz,685100,0.0273143883388424,12791880,0.4951773093566391,26919440,You And Me,215760,50,AuNz
4317,Jodi Benson,Australia,USWD10220403,AuNz,290840,0.02529373396529982,6345660,0.5518685045875549,11498500,"Part of Your World - From ""The Little Mermaid"" / Soundtrack Version",236860,50,AuNz
4318,Samuel E. Wright,New Zealand,USWD10220463,AuNz,435636,0.032705760622624105,8101890,0.5957217086173157,15011604,"Under the Sea - From ""The Little Mermaid""",337464,50,AuNz
4319,"Jason Weaver, Rowan Atkinson, Laura Williams",New Zealand,USWD10321345,AuNz,352464,0.03246555770411472,5866284,0.5344250819098332,12433464,"I Just Can't Wait to Be King - From ""The Lion King""/Soundtrack Version",186672,50,AuNz
4320,"Lea Salonga, Brad Kane",New Zealand,USWD10423000,AuNz,586600,0.029923604500744428,12896350,0.6252471260159626,22468850,"A Whole New World - From ""Aladdin"" / Soundtrack Version",515525,50,AuNz
4321,Nick Jonas,New Zealand,USWD11038146,AuNz,83307,0.04384297429322959,1254498,0.660219712207953,1900122,Introducing Me,125811,50,AuNz
4322,"Mandy Moore, Zachary Levi",New Zealand,USWD11054842,AuNz,333127,0.029828142490287746,7237993,0.6014604417638979,12034030,"I See the Light - From ""Tangled""",253745,50,AuNz
4323,Demi Lovato,New Zealand,USWD11366344,AuNz,576432,0.05839446892997451,7552944,0.7034372051762254,11045556,"Let It Go - From ""Frozen / Single Version",593208,50,AuNz
4324,"Kristen Bell, Santino Fontana",Australia,USWD11366375,AuNz,313573,0.02839551953288246,5353946,0.48482515465616594,11043045,"Love Is an Open Door - From ""Frozen""/Soundtrack Version",154427,50,AuNz
4325,Idina Menzel,New Zealand,USWD11366376,AuNz,872498,0.03080221697485233,17298028,0.5457688992902037,33695486,"Let It Go - From ""Frozen""/Soundtrack Version",441386,50,AuNz
4326,Jordan Fisher,New Zealand,USWD11677600,AuNz,171435,0.08744466326650845,1067946,0.5447322796209328,1960497,You're Welcome - Jordan Fisher/Lin-Manuel Miranda Version,199419,50,AuNz
4327,Alessia Cara,New Zealand,USWD11677601,AuNz,1805570,0.03416010889110626,35672310,0.6760252640003791,56672364,How Far I'll Go - Alessia Cara Version,761862,50,AuNz
4328,Olivia Foa'i,New Zealand,USWD11677853,AuNz,187997,0.08297948784949047,1508083,0.6656486804285341,2265584,Tulou Tagaloa,243275,50,AuNz
4329,Auli'i Cravalho,New Zealand,USWD11677855,AuNz,463970,0.03558465199416609,7914340,0.5477733548266824,16549220,"How Far I'll Go - From ""Moana""",160870,50,AuNz
4330,Dwayne Johnson,New Zealand,USWD11677860,AuNz,531730,0.03629444986332382,7822080,0.4996748672374553,18218630,You're Welcome,134990,50,AuNz
4331,"Ariana Grande, John Legend",New Zealand,USWD11778859,AuNz,794190,0.03301016297143451,19673326,0.7767290571684907,25328428,Beauty and the Beast,447442,50,AuNz
4332,Elton John,Venezuela,GBAMB7100001,LatAm,193233,0.04267059039911716,4040673,0.756570113178592,7641867,Tiny Dancer,240752,50,LatAm
4333,Mexican Institute Of Sound,Ecuador,MX3741700770,LatAm,328692,0.1454859312963922,3656900,1.384854720715221,2640638,Jálale - Instrumental,135850,50,LatAm
4334,"Olivia Foa'i, Opetaia Foa'i, Talaga Steve Sale",Haiti,NZSO01100005,LatAm,92685,0.05353708057277196,1076256,0.6216712972857448,1731230,Logo Te Pate,217338,50,LatAm
4335,"Vai Mahina, Sulata Foai-Amiatu, Matthew Ineleo",Haiti,NZSO01600013,LatAm,0,0.0,1221,0.5076923076923077,2405,An Innocent Warrior,4995,50,LatAm
4336,Lifehouse,Venezuela,USDW10500001,LatAm,118000,0.04535315985130112,2129260,0.6481033091202583,3962760,You And Me,126060,50,LatAm
4337,Jodi Benson,Puerto Rico,USWD10220403,LatAm,4800,0.039735099337748346,114240,0.6350993377483444,246780,"Part of Your World - From ""The Little Mermaid"" / Soundtrack Version",87100,50,LatAm
4338,Samuel E. Wright,Venezuela,USWD10220463,LatAm,14544,0.07255520504731862,197424,0.8103448275862069,285606,"Under the Sea - From ""The Little Mermaid""",101286,50,LatAm
4339,"Lea Salonga, Brad Kane",Venezuela,USWD10423000,LatAm,83075,0.061720288903479976,1972450,0.9753756260434057,2039050,"A Whole New World - From ""Aladdin"" / Soundtrack Version",160875,50,LatAm
4340,"Demi Lovato, Joe Jonas",Venezuela,USWD10833742,LatAm,295869,0.07943300347686547,4211550,0.8323081037710618,5739363,"This Is Me - From ""Camp Rock""",269745,50,LatAm
4341,"High School Musical Cast, Vanessa Hudgens, Zac Efron",Peru,USWD10834890,LatAm,40230,0.05929430491687301,508455,0.7494030774672799,678480,"Right Here, Right Now - 『ハイスクール・ミュージカル: ザ・ムービー』より",52695,50,LatAm
4342,"High School Musical Cast, Vanessa Hudgens, Zac Efron",Venezuela,USWD10834891,LatAm,220711,0.07878911425950463,3112139,0.9351890638250049,3327818,Can I Have This Dance - 『ハイスクール・ミュージカル: ザ・ムービー』より,109310,50,LatAm
4343,"Demi Lovato, Joe Jonas",Uruguay,USWD11038143,LatAm,110858,0.06828609986504723,1647426,0.7798525337943388,2112484,Wouldn't Change a Thing,91058,50,LatAm
4344,Nick Jonas,Venezuela,USWD11038146,LatAm,310191,0.06467815470210958,4149138,0.7071544058205336,6536670,"Introducing Me - From ""Camp Rock 2: The Final Jam""",180285,50,LatAm
4345,"Mandy Moore, Zachary Levi",Puerto Rico,USWD11054842,LatAm,10944,0.04127848645549663,164350,0.8152173913043478,265126,"I See the Light - From ""Tangled"" / Soundtrack Version",79040,50,LatAm
4346,Demi Lovato,Uruguay,USWD11366344,LatAm,178704,0.10195412064570943,2112840,1.1223867595818815,2260944,"Let It Go - From ""Frozen / Single Version",314136,50,LatAm
4347,Idina Menzel,Venezuela,USWD11366376,LatAm,112354,0.05404065443728309,2427964,0.8623235613463627,3215608,"Let It Go - From ""Frozen""/Soundtrack Version",203368,50,LatAm
4348,Martina Stoessel,Argentina,USWD11366431,LatAm,94352,0.04837849589393977,1566672,0.8033028968029338,1950288,Libre Soy - Single Version,153328,50,LatAm
4349,Shakira,Uruguay,USWD11575402,LatAm,30424,0.03641590800191662,963232,0.6761420749684122,1424600,Try Everything,55256,50,LatAm
4350,Alessia Cara,Venezuela,USWD11677601,LatAm,490960,0.056415064853883416,8893824,0.7724644475699328,11623896,How Far I'll Go - Alessia Cara Version,442814,50,LatAm
4351,Olivia Foa'i,Haiti,USWD11677853,LatAm,0,0.0,1369,0.4805194805194805,2849,Tulou Tagaloa,5883,50,LatAm
4352,Auli'i Cravalho,Venezuela,USWD11677855,LatAm,9630,0.044679705724026554,151530,0.6826368876080692,259900,"How Far I'll Go - From ""Moana""",34630,50,LatAm
4353,Dwayne Johnson,Venezuela,USWD11677860,LatAm,0,0.0,15550,0.6399176954732511,24300,You're Welcome,17290,50,LatAm
4354,Céline Dion,Venezuela,USWD11778858,LatAm,13984,0.08135593220338982,176640,0.6966101694915254,298356,How Does A Moment Last Forever,118680,50,LatAm
4355,"Ariana Grande, John Legend",Venezuela,USWD11778859,LatAm,444176,0.043867569601203915,10336200,0.8679770992366412,11915288,"Beauty and the Beast - From ""Beauty and the Beast""/Soundtrack Version",389206,50,LatAm
4356,Josh Groban,Puerto Rico,USWD11778936,LatAm,5934,0.06754385964912281,126178,0.743859649122807,221812,Evermore,99038,50,LatAm
4357,Carlos Rivera,Uruguay,USWD11781632,LatAm,133505,0.07381482659879096,1432150,0.7112435369380422,2426180,Recuérdame,38385,50,LatAm
4358,Miguel,Venezuela,USWD11783640,LatAm,392366,0.1221058434399118,3350776,0.9966923925027563,3610464,Remember Me (Dúo),161174,50,LatAm
4359,"Luis Ángel Gómez Jaramillo, Gael Garcia Bernal",Venezuela,USWD11783809,LatAm,132525,0.06017304667016256,1398620,0.6123790194535338,3098935,Un Poco Loco,39700,50,LatAm
4360,"Marco Antonio Solís, Luis Ángel Gómez Jaramillo",Chile,USWD11783810,LatAm,78735,0.04620530802071566,917740,0.5385719106233771,1704025,El Mundo es mi Familia,35725,50,LatAm
4361,"Angelica Vale, Marco Antonio Solís",Venezuela,USWD11783812,LatAm,114140,0.06254874434565591,1434520,0.8326471440997391,2759130,La Llorona,40550,50,LatAm
4362,Luis Ángel Gómez Jaramillo,Chile,USWD11783814,LatAm,81765,0.05265027710672161,883375,0.5467528776467244,1885415,El Latido de mi Corazón,35510,50,LatAm
